Title,Company,Location,URL
Junior Python Developer,Translation Empire,Rawalpindi,https://pk.indeed.comhttps://pk.indeed.com/rc/clk?jk=f5f204e4bb6de312&bb=9CU7IQG53GbJT8vvSc5G_5R86X874OH6cEpGD6Wicn14C54goVj90lIkzXz3pkl9b28hU0YjIrnV0uQwEExqCwOeaTnpPrti6UX91GTDzoHGF_pBBHUgE6bvUDo3u1RfwseLVge3gEuJyeEIf_cvWQ%3D%3D&xkcb=SoDJ67M3v9KZV2WtKx0NbzkdCdPP&fccid=cbdb57adad7dedcb&vjs=3
Python Developer Intern,Fun Prime Technology,Islamabad,https://pk.indeed.comhttps://pk.indeed.com/rc/clk?jk=69871c9530d52650&bb=9CU7IQG53GbJT8vvSc5G_6Vb-S9ZXsqlU04VdpNftM7OImy0_ySt9bpgcOK87XhenPIExerpqlYmwQhC3JjvC7qT_UtL9-h8r2q9s_OjV4jSi0GarGudGIfr_SQy0B1aI_qiWSA8GKH4chzVklcYlw%3D%3D&xkcb=SoB967M3v9KZV2WtKx0MbzkdCdPP&fccid=c8e31654c9ac7062&cmp=Fun-Prime-Technology&ti=Python+Developer&vjs=3
PYTHON DEVELOPER,Xmind Serve Technology Private Limited,Pakistan,https://pk.indeed.comhttps://pk.indeed.com/rc/clk?jk=6a5f36b278165f8c&bb=9CU7IQG53GbJT8vvSc5G_8O_kj2lDvnoyo4lbOY7KJyUqqMy48g3d4A0dsm_q-gOjkm7gOZD2Ot0uXTgHQ6CJ7QhXZLKX_88VHHnhULEFQxWEKjHg3XlCTcG2r7T5KrldS75mRxMoGDcP0Jxb96Pfg%3D%3D&xkcb=SoCU67M3v9KZV2WtKx0DbzkdCdPP&fccid=4e0b5fc25a0c1900&vjs=3
Python Developer,Funsol Technologies,Islamabad,https://pk.indeed.comhttps://pk.indeed.com/rc/clk?jk=99c0b3af0427deb8&bb=9CU7IQG53GbJT8vvSc5G_-nNS2XjGnXIDHQnxIy5HMDdtLN6ZFinCGY2mZ9-_4OJBsT7zZDaUQkKRHBgrcCQIo0kSH3B2Y7O4YBreITYi8P5YfHV3B2Rl-dlTcBqzE2fsvM5TssS7gLR5nudvb7GMg%3D%3D&xkcb=SoAg67M3v9KZV2WtKx0CbzkdCdPP&fccid=e295e185f18c2b3a&cmp=Funprime-technologies-Pvt-Ltd&ti=Python+Developer&vjs=3
Python Career Accelerator Program (On-Site),Full Stack Zone,Rawalpindi,https://pk.indeed.comhttps://pk.indeed.com/rc/clk?jk=36564d05d8f5e316&bb=9CU7IQG53GbJT8vvSc5G_7YvvDH4S1ldUoaUsEpMH9onWEZnf3gZUbQsAA7JGp_VgPD3dlbiLfzLNUTB9WfYPRhIDYqdGG8G-X1h20dFcu8P9kPXaFCfhuM1gaNcXHlE4fo54-hftcH-gs_5J1sgkA%3D%3D&xkcb=SoC967M3v9KZV2WtKx0BbzkdCdPP&fccid=a346957ab07cb2b4&cmp=Full-Stack-Zone&ti=Python+Career+Accelerator+Program+%28on-site%29&vjs=3
Python Developer,DGB Technologies,Pakistan,https://pk.indeed.comhttps://pk.indeed.com/rc/clk?jk=4eb34411e1895551&bb=9CU7IQG53GbJT8vvSc5G_4sd9dhXGuSDSlZofnGQDOYMe1ZX5yuXAT0333dAr2ao3WTmNKutM8Nq2SdVSiwDlNRHIhSlIaWdD2KamWzDwkYQQ_p7GzLNrX20Hv43h4JG52ZCw_miSmfggUg0SHIHew%3D%3D&xkcb=SoAJ67M3v9KZV2WtKx0AbzkdCdPP&fccid=96fe871514a433ee&vjs=3
Hiring Junior Python Developer,Inum,Lahore,https://pk.indeed.comhttps://pk.indeed.com/rc/clk?jk=0c1fb787c844a5ef&bb=9CU7IQG53GbJT8vvSc5G_7YvvDH4S1ld8oqmtoTs6G6naH7G9F0GbLZ0tf2QJmvEvoWvFBhDY7g05uiGEFVFIqh4qhw4gflle_JvwbY0J1ZPBu1MOtOddsZNTPI7fMBYqKeNjB-kp1sulMLwySeeIQ%3D%3D&xkcb=SoCH67M3v9KZV2WtKx0HbzkdCdPP&fccid=c3c4445cdaf7e008&cmp=Inum&ti=Junior+Python+Developer&vjs=3
4 Month Free Internship Next.js Developer: 3+ Months Hands-On Experience,Terasols,Pakistan,https://pk.indeed.comhttps://pk.indeed.com/rc/clk?jk=26e727b3d3a62451&bb=9CU7IQG53GbJT8vvSc5G_-iPKfuOEmTCho884nWjp7jp6f5ONqYufkNXK48SvgqaTrlyRbmmDylvWi8Uqw40IQJlNcJl2alrNPCXvU_YnjyzhP7Wk2RMRvfdh0IXvY9yO8WV5iDMt2wciLQM-sHgqA%3D%3D&xkcb=SoAz67M3v9KZV2WtKx0GbzkdCdPP&fccid=8bff984f4db24aa4&cmp=Terasols&ti=Intern&vjs=3
Python Developer,Cortech sols pvt ltd,Islamabad,https://pk.indeed.comhttps://pk.indeed.com/rc/clk?jk=de4ee967fbae96e6&bb=9CU7IQG53GbJT8vvSc5G_3Q0OXwvMWNVOcIv2_jorV8zXIiPb1JojvoyKwLRoaVDWrrJXv0LRqkQOy3NyKMYq9k5SaWiTS-Jd_GaikRtwNYQmYYyN5mRgXihfKzDZ06-gQ1D_VvtyevzgzravQxmHw%3D%3D&xkcb=SoCu67M3v9KZV2WtKx0FbzkdCdPP&fccid=3f64c98d78db4da2&cmp=Cortech-sols-pvt-ltd&ti=Python+Developer&vjs=3
Python Developer,Caps IT Solutions,Islamabad,https://pk.indeed.comhttps://pk.indeed.com/rc/clk?jk=082c09c75bf11ec7&bb=9CU7IQG53GbJT8vvSc5G_-92vzV39LcMP4KXeAiKRER-2YZ94XeAv07rmYoJxNVQerOwDOqqDC4_yDHcr5sgdI_TjSY51uYLpITnXLEKzyTVQXpMCnyEaQTbdNYhEDqCzr15WjWwxPzSjix_quxbEg%3D%3D&xkcb=SoAa67M3v9KZV2WtKx0EbzkdCdPP&fccid=e1405e5fa14c626e&cmp=Caps-IT-Solutions&ti=Python+Developer&vjs=3
Python Developer Intern (Onsite),Skylight Codeworks,Lahore Baghbanpura,https://pk.indeed.comhttps://pk.indeed.com/rc/clk?jk=2faa62f2491ebfef&bb=9CU7IQG53GbJT8vvSc5G_xOCPoQ0wq4g5uOKuFjGiBdp5VAnysjhneoDIA8_-NaHeuv5NX23uggzSPRAezB_Y4_B3B1JCvcysXRq2RlrV5-kAw6ET33gU8JsUL9r4QPoC0Rr3IhVkJDclqRjmXWO9w%3D%3D&xkcb=SoA967M3v9KZV2WtKx0bbzkdCdPP&fccid=0fa7eaa6c41da3e1&cmp=Skylight-Codeworks&ti=Python+Developer&vjs=3
Python Developer,Techcreatix,Pakistan,https://pk.indeed.comhttps://pk.indeed.com/rc/clk?jk=421cf56a2a94c413&bb=9CU7IQG53GbJT8vvSc5G_9bo4VvKMplpnBtRbeU2_wPrpW4DQzqVqnnjTgCfiKvPSLVQQTWGtqz1ddv9ptfxElvwuzHAjVF8BrWz2Y-r102TpBfxJPYAYuP8GgFBNyrhAFmLvv8Gy0q719nz1P6rzQ%3D%3D&xkcb=SoCJ67M3v9KZV2WtKx0abzkdCdPP&fccid=b47babe5af7eb5f4&cmp=Techcreatix&ti=Python+Developer&vjs=3
Full Stack Developer Intern,Aberrant Digital Services,Pakistan,https://pk.indeed.comhttps://pk.indeed.com/rc/clk?jk=d1a053ea7165a13c&bb=9CU7IQG53GbJT8vvSc5G_5A1kmXOUKkBZOnhFJZVrReuxCPeAZ0srUiuQNbtI9GkRd7-9laN4oYj7QxT5eIgDIBjFY-thE32GuW7q3D5-Bi9WwO75HJpR68pGRN2RdZ5P6wCDO_5y0ThiBsbAz2kTQ%3D%3D&xkcb=SoAU67M3v9KZV2WtKx0ZbzkdCdPP&fccid=1af77915f231030e&cmp=Aberrant-Digital-Services&ti=Full+Stack+Developer&vjs=3
Junior Python Engineer - Healthcare AI,Statcare Urgent &Walk-In,Karachi,https://pk.indeed.comhttps://pk.indeed.com/rc/clk?jk=d8d0cb601706ed90&bb=9CU7IQG53GbJT8vvSc5G_xyDrb01c96r-fBg-6wGfN8P6khRrWDxtBvmVrCUqFBFaAeyFu4-P1QmfaOOn1YEGjUF4QQTreQd_pKFAMqCpi-QoMobrPx4rXj9914CTFEoa5lrxVGbwSvbKbcphgI6KA%3D%3D&xkcb=SoCg67M3v9KZV2WtKx0YbzkdCdPP&fccid=ad5647293967ce7f&vjs=3
Python Developer Intern,Fly fitness,Karachi Defence Housing Society,https://pk.indeed.comhttps://pk.indeed.com/rc/clk?jk=48e5a9160220aa56&bb=9CU7IQG53GbJT8vvSc5G_2jSRctlvspLHLUw2dBgDFYq_rs-4MUTvLYva_63i-8Sv8OOLmnJQB28a8tGxh3Q_NLtb4ZthTmpAJxXZ6PNXkP_w1kDjX29NgwXELNN6DwXatSkFIPDGpXRzwZx8fcYIw%3D%3D&xkcb=SoAu67M3v9KZV2WtKx0fbzkdCdPP&fccid=0409b5f54842ef68&cmp=Fly-fitness&ti=Python+Developer&vjs=3
